18.08.2025,14:00,Tallinn
19.08.2025,14:00,Helsinki
20.08.2025,14:00,Tromsø
21.08.2025,14:00,Stockholm
22.08.2025,14:00,Copenhagen
23.08.2025,14:00,Glasgow
24.08.2025,14:00,London
25.08.2025,14:00,Amsterdam
26.08.2025,14:00,Warsaw
27.08.2025,14:00,Berlin
28.08.2025,14:00,Brussels
29.08.2025,14:00,Paris
30.08.2025,14:00,Porto
31.08.2025,14:00,Madrid
01.09.2025,14:00,Barcelona
02.09.2025,14:00,Milan
03.09.2025,14:00,Rome
04.09.2025,14:00,Dubrovnik
05.09.2025,14:00,Sarajevo
06.09.2025,14:00,Belgrade
07.09.2025,14:00,Budapest
08.09.2025,14:00,Bucharest
09.09.2025,14:00,Sofia
10.09.2025,14:00,Istanbul
11.09.2025,14:00,Izmir
12.09.2025,14:00,Antalya
13.09.2025,14:00,Ankara
14.09.2025,14:00,Baku
15.09.2025,14:00,Johannesburg
16.09.2025,14:00,Rio de Janeiro
17.09.2025,14:00,São Paulo
18.09.2025,14:00,
19.09.2025,14:00,Buenos Aires
20.09.2025,14:00,Montreal
21.09.2025,14:00,Toronto
22.09.2025,14:00,New York
23.09.2025,14:00,Nashville
24.09.2025,14:00,Chicago
25.09.2025,14:00,Mexico City
26.09.2025,14:00,Los Angeles
27.09.2025,14:00,Seattle
28.09.2025,14:00,
29.09.2025,14:00,Melbourne
30.09.2025,14:00,Jakarta
01.10.2025,14:00,Singapore
02.10.2025,14:00,Manila
03.10.2025,14:00,Shanghai
04.10.2025,14:00,Tokyo
05.10.2025,14:00,Kyiv
06.10.2025,14:00,Moscow
07.10.2025,14:00,Vilnius
08.10.2025,14:00,Tallinn
09.10.2025,14:00,Helsinki
10.10.2025,14:00,Tromsø
11.10.2025,14:00,Stockholm
12.10.2025,14:00,Copenhagen
13.10.2025,14:00,Glasgow
14.10.2025,14:00,London
15.10.2025,14:00,Amsterdam
16.10.2025,14:00,Warsaw
17.10.2025,14:00,Berlin
18.10.2025,14:00,Brussels
19.10.2025,14:00,Paris
20.10.2025,14:00,Porto
21.10.2025,14:00,Madrid
22.10.2025,14:00,Barcelona
23.10.2025,14:00,Milan
24.10.2025,14:00,Rome
25.10.2025,14:00,Dubrovnik
26.10.2025,14:00,Sarajevo
27.10.2025,14:00,Belgrade
28.10.2025,14:00,Budapest
29.10.2025,14:00,Bucharest
30.10.2025,14:00,Sofia
31.10.2025,14:00,Istanbul
01.11.2025,14:00,Izmir
02.11.2025,14:00,Antalya
03.11.2025,14:00,Ankara
04.11.2025,14:00,Baku
05.11.2025,14:00,Johannesburg
06.11.2025,14:00,Rio de Janeiro
07.11.2025,14:00,São Paulo
08.11.2025,14:00,Buenos Aires
09.11.2025,14:00,Montreal
10.11.2025,14:00,Toronto
11.11.2025,14:00,New York
12.11.2025,14:00,Nashville
13.11.2025,14:00,
14.11.2025,14:00,Chicago
15.11.2025,14:00,Mexico City
16.11.2025,14:00,Los Angeles
17.11.2025,14:00,Seattle
18.11.2025,14:00,
19.11.2025,14:00,Melbourne
20.11.2025,14:00,Jakarta
21.11.2025,14:00,Singapore
22.11.2025,14:00,Manila
23.11.2025,14:00,Shanghai
24.11.2025,14:00,Tokyo
25.11.2025,14:00,Kyiv
26.11.2025,14:00,Moscow
27.11.2025,14:00,Vilnius
28.11.2025,14:00,Tallinn
29.11.2025,14:00,Helsinki
30.11.2025,14:00,Tromsø
01.12.2025,14:00,Stockholm
02.12.2025,14:00,Copenhagen
03.12.2025,14:00,Glasgow
04.12.2025,14:00,London
05.12.2025,14:00,Amsterdam
06.12.2025,14:00,Warsaw
07.12.2025,14:00,Berlin
08.12.2025,14:00,Brussels
09.12.2025,14:00,Paris
10.12.2025,14:00,Porto
11.12.2025,14:00,Madrid
12.12.2025,14:00,Barcelona
13.12.2025,14:00,Milan
14.12.2025,14:00,Rome
15.12.2025,14:00,Dubrovnik
16.12.2025,14:00,Sarajevo
17.12.2025,14:00,Belgrade
18.12.2025,14:00,Budapest
19.12.2025,14:00,Bucharest
20.12.2025,14:00,Sofia
21.12.2025,14:00,Istanbul
22.12.2025,14:00,Izmir
23.12.2025,14:00,Antalya
24.12.2025,14:00,Ankara
25.12.2025,14:00,Baku
26.12.2025,14:00,Johannesburg
27.12.2025,14:00,Rio de Janeiro
28.12.2025,14:00,São Paulo
29.12.2025,14:00,Buenos Aires
30.12.2025,14:00,Montreal
18.08.2025,20:00,Helsinki
19.08.2025,20:00,Tromsø
20.08.2025,20:00,Stockholm
21.08.2025,20:00,Copenhagen
22.08.2025,20:00,Glasgow
23.08.2025,20:00,London
24.08.2025,20:00,Amsterdam
25.08.2025,20:00,Warsaw
26.08.2025,20:00,Berlin
27.08.2025,20:00,Brussels
28.08.2025,20:00,Paris
29.08.2025,20:00,Porto
30.08.2025,20:00,Madrid
31.08.2025,20:00,Barcelona
01.09.2025,20:00,Milan
02.09.2025,20:00,Rome
03.09.2025,20:00,Dubrovnik
04.09.2025,20:00,Sarajevo
05.09.2025,20:00,Belgrade
06.09.2025,20:00,Budapest
07.09.2025,20:00,Bucharest
08.09.2025,20:00,Sofia
09.09.2025,20:00,Istanbul
10.09.2025,20:00,Izmir
11.09.2025,20:00,Antalya
12.09.2025,20:00,Ankara
13.09.2025,20:00,Baku
14.09.2025,20:00,Johannesburg
15.09.2025,20:00,Rio de Janeiro
16.09.2025,20:00,São Paulo
17.09.2025,20:00,Buenos Aires
18.09.2025,20:00,
19.09.2025,20:00,Montreal
20.09.2025,20:00,Toronto
21.09.2025,20:00,New York
22.09.2025,20:00,Nashville
23.09.2025,20:00,Chicago
24.09.2025,20:00,Mexico City
25.09.2025,20:00,Los Angeles
26.09.2025,20:00,Seattle
27.09.2025,20:00,
28.09.2025,20:00,Melbourne
29.09.2025,20:00,Jakarta
30.09.2025,20:00,Singapore
01.10.2025,20:00,Manila
02.10.2025,20:00,Shanghai
03.10.2025,20:00,Tokyo
04.10.2025,20:00,Kyiv
05.10.2025,20:00,Moscow
06.10.2025,20:00,Vilnius
07.10.2025,20:00,Tallinn
08.10.2025,20:00,Helsinki
09.10.2025,20:00,Tromsø
10.10.2025,20:00,Stockholm
11.10.2025,20:00,Copenhagen
12.10.2025,20:00,Glasgow
13.10.2025,20:00,London
14.10.2025,20:00,Amsterdam
15.10.2025,20:00,Warsaw
16.10.2025,20:00,Berlin
17.10.2025,20:00,Brussels
18.10.2025,20:00,Paris
19.10.2025,20:00,Porto
20.10.2025,20:00,Madrid
21.10.2025,20:00,Barcelona
22.10.2025,20:00,Milan
23.10.2025,20:00,Rome
24.10.2025,20:00,Dubrovnik
25.10.2025,20:00,Sarajevo
26.10.2025,20:00,Belgrade
27.10.2025,20:00,Budapest
28.10.2025,20:00,Bucharest
29.10.2025,20:00,Sofia
30.10.2025,20:00,Istanbul
31.10.2025,20:00,Izmir
01.11.2025,20:00,Antalya
02.11.2025,20:00,Ankara
03.11.2025,20:00,Baku
04.11.2025,20:00,Johannesburg
05.11.2025,20:00,Rio de Janeiro
06.11.2025,20:00,São Paulo
07.11.2025,20:00,Buenos Aires
08.11.2025,20:00,Montreal
09.11.2025,20:00,Toronto
10.11.2025,20:00,New York
11.11.2025,20:00,Nashville
12.11.2025,20:00,Chicago
13.11.2025,20:00,
14.11.2025,20:00,Mexico City
15.11.2025,20:00,Los Angeles
16.11.2025,20:00,Seattle
17.11.2025,20:00,
18.11.2025,20:00,Melbourne
19.11.2025,20:00,Jakarta
20.11.2025,20:00,Singapore
21.11.2025,20:00,Manila
22.11.2025,20:00,Shanghai
23.11.2025,20:00,Tokyo
24.11.2025,20:00,Kyiv
25.11.2025,20:00,Moscow
26.11.2025,20:00,Vilnius
27.11.2025,20:00,Tallinn
28.11.2025,20:00,Helsinki
29.11.2025,20:00,Tromsø
30.11.2025,20:00,Stockholm
01.12.2025,20:00,Copenhagen
02.12.2025,20:00,Glasgow
03.12.2025,20:00,London
04.12.2025,20:00,Amsterdam
05.12.2025,20:00,Warsaw
06.12.2025,20:00,Berlin
07.12.2025,20:00,Brussels
08.12.2025,20:00,Paris
09.12.2025,20:00,Porto
10.12.2025,20:00,Madrid
11.12.2025,20:00,Barcelona
12.12.2025,20:00,Milan
13.12.2025,20:00,Rome
14.12.2025,20:00,Dubrovnik
15.12.2025,20:00,Sarajevo
16.12.2025,20:00,Belgrade
17.12.2025,20:00,Budapest
18.12.2025,20:00,Bucharest
19.12.2025,20:00,Sofia
20.12.2025,20:00,Istanbul
21.12.2025,20:00,Izmir
22.12.2025,20:00,Antalya
23.12.2025,20:00,Ankara
24.12.2025,20:00,Baku
25.12.2025,20:00,Johannesburg
26.12.2025,20:00,Rio de Janeiro
27.12.2025,20:00,São Paulo
28.12.2025,20:00,Buenos Aires
29.12.2025,20:00,Montreal
30.12.2025,20:00,Toronto
